{
    "ampc": {
        "artifact_mean": -5.0,
        "artifact_std": 1.0,
        "artifact_freq": 1e-07,
        "rho": -0.6183379819169998,
        "exp_mean": -0.49720514834249374,
        "exp_std": 1.2502804039428599,
        "MSE": 0.0022300738413743412,
        "target": "ampc"
    },
    "d4": {
        "artifact_mean": -3.4775356292307853,
        "artifact_std": 0.9790796694626346,
        "artifact_freq": 1.5574674927655184e-05,
        "rho": -0.42200324248876747,
        "exp_mean": 1.0560338572300592,
        "exp_std": 1.7927226819944346,
        "MSE": 0.0005859085528243751,
        "target": "d4"
    },
    "sigma2": {
        "artifact_mean": -4.7824991560244134,
        "artifact_std": 0.5000022841634135,
        "artifact_freq": 2.132417043450328e-06,
        "rho": -0.6164451014617998,
        "exp_mean": 3.2650121659676583,
        "exp_std": 1.2303686118391062,
        "MSE": 0.002256711002076339,
        "target": "sigma2"
    }
}