{
    "ampc": {
        "artifact_mean": -5.0,
        "artifact_std": 1,
        "artifact_freq": 1.4519765943728752e-07,
        "rho": -0.7009660579060698,
        "exp_mean": -1.0964745820111057,
        "exp_std": 1.307479495238377,
        "target": "ampc"
    },
    "d4": {
        "artifact_mean": -4.565047525345602,
        "artifact_std": 0.607142368486402,
        "artifact_freq": 3.894074528244171e-06,
        "rho": -0.40437156666013263,
        "exp_mean": 0.9731606251601905,
        "exp_std": 1.8639354155296934,
        "target": "d4"
    },
    "sigma2": {
        "artifact_mean": -3.1643016295861552,
        "artifact_std": 1.0,
        "artifact_freq": 2.1968801443163428e-05,
        "rho": -0.6377586164374949,
        "exp_mean": 3.1818269588804045,
        "exp_std": 1.240431397674763,
        "target": "sigma2"
    }
}